Date,Transect,NET,Impact,dt
2021-11-09 00:00,CN_SRI_MUM_02631022,0.349,1,+00h
2021-11-26 11:00,CN_SRI_MUM_02631022,0.443,1,+35h
2021-12-05 14:00,CN_SRI_MUM_02631022,-1.104,1,+38h
2021-12-10 08:00,CN_SRI_MUM_02631022,-0.626,1,+32h
2021-12-01 07:00,CN_SRI_MUM_02631022,-0.418,1,+31h
2021-11-29 23:00,CN_SRI_MUM_02631022,-0.116,1,+47h
2021-12-09 12:00,CN_SRI_MUM_02631022,0.173,1,+36h
2021-11-11 04:00,CN_SRI_MUM_02631022,-0.763,1,+28h
2021-11-18 16:00,CN_SRI_MUM_02631022,0.705,2,+40h
2021-11-15 09:00,CN_SRI_MUM_02631022,-0.759,1,+33h
2021-11-28 07:00,CN_SRI_MUM_02631022,-0.469,1,+31h
2021-11-15 13:00,CN_SRI_MUM_02631022,0.042,1,+37h
2021-11-22 20:00,CN_SRI_MUM_02631022,1.493,2,+44h
2021-11-11 18:00,CN_SRI_MUM_02631022,-0.784,1,+42h
2021-11-20 13:00,CN_SRI_MUM_02631022,-1.134,1,+37h
2021-11-16 08:00,CN_SRI_MUM_02631022,0.037,1,+32h
2021-11-12 05:00,CN_SRI_MUM_02631022,-0.995,1,+29h
2021-12-03 17:00,CN_SRI_MUM_02631022,1.638,2,+41h
2021-11-15 12:00,CN_SRI_MUM_02631022,-0.349,1,+36h
2021-11-13 15:00,CN_SRI_MUM_02631022,0.441,1,+39h
2021-11-10 17:00,CN_SRI_MUM_02631022,-0.972,1,+41h
2021-11-25 10:00,CN_SRI_MUM_02631022,0.405,1,+34h
2021-11-13 22:00,CN_SRI_MUM_02631022,-0.080,1,+46h
2021-11-11 12:00,CN_SRI_MUM_02631022,0.555,1,+36h
2021-11-11 11:00,CN_SRI_MUM_02631022,0.392,1,+35h
2021-11-26 16:00,CN_SRI_MUM_02631022,-0.606,1,+40h
2021-12-06 20:00,CN_SRI_MUM_02631022,1.885,2,+44h
2021-12-10 19:00,CN_SRI_MUM_02631022,-0.019,1,+43h
2021-11-09 05:00,CN_SRI_MUM_02631022,-1.035,1,+05h
2021-12-02 03:00,CN_SRI_MUM_02631022,0.596,1,+27h
2021-11-12 18:00,CN_SRI_MUM_02631022,-0.715,1,+42h
2021-12-02 18:00,CN_SRI_MUM_02631022,1.125,2,+42h
2021-12-10 09:00,CN_SRI_MUM_02631022,-0.149,1,+33h
2021-11-30 03:00,CN_SRI_MUM_02631022,0.834,2,+27h
2021-11-14 06:00,CN_SRI_MUM_02631022,-0.162,1,+30h
2021-12-09 14:00,CN_SRI_MUM_02631022,-0.709,1,+38h
2021-11-28 21:00,CN_SRI_MUM_02631022,-0.195,1,+45h
2021-11-25 04:00,CN_SRI_MUM_02631022,-0.761,1,+28h
2021-11-13 14:00,CN_SRI_MUM_02631022,0.554,1,+38h
2021-11-25 17:00,CN_SRI_MUM_02631022,-0.584,1,+41h
2021-11-24 00:00,CN_SRI_MUM_02631022,0.392,1,+48h
2021-11-15 18:00,CN_SRI_MUM_02631022,0.465,1,+42h
2021-11-10 12:00,CN_SRI_MUM_02631022,0.171,1,+36h
2021-12-06 08:00,CN_SRI_MUM_02631022,0.647,2,+32h
2021-12-09 15:00,CN_SRI_MUM_02631022,-0.998,1,+39h
2021-11-26 10:00,CN_SRI_MUM_02631022,0.423,1,+34h
2021-11-23 02:00,CN_SRI_MUM_02631022,-0.580,1,+26h
2021-12-08 21:00,CN_SRI_MUM_02631022,1.624,2,+45h
2021-12-08 02:00,CN_SRI_MUM_02631022,-1.641,1,+26h
2021-12-01 08:00,CN_SRI_MUM_02631022,-0.767,1,+32h
2021-12-09 16:00,CN_SRI_MUM_02631022,-1.071,1,+40h
2021-11-11 20:00,CN_SRI_MUM_02631022,-0.329,1,+44h
2021-11-28 12:00,CN_SRI_MUM_02631022,0.412,1,+36h
2021-12-10 18:00,CN_SRI_MUM_02631022,-0.405,1,+42h
2021-11-25 21:00,CN_SRI_MUM_02631022,0.995,2,+45h
2021-11-29 19:00,CN_SRI_MUM_02631022,-0.572,1,+43h
2021-11-20 07:00,CN_SRI_MUM_02631022,0.481,1,+31h
2021-11-17 20:00,CN_SRI_MUM_02631022,0.306,1,+44h
2021-11-14 22:00,CN_SRI_MUM_02631022,-0.442,1,+46h
2021-11-24 19:00,CN_SRI_MUM_02631022,0.500,1,+43h
2021-11-21 16:00,CN_SRI_MUM_02631022,-0.270,1,+40h
2021-11-15 20:00,CN_SRI_MUM_02631022,-0.254,1,+44h
2021-12-04 23:00,CN_SRI_MUM_02631022,-0.641,1,+47h
2021-12-04 20:00,CN_SRI_MUM_02631022,1.430,2,+44h
2021-11-28 15:00,CN_SRI_MUM_02631022,0.167,1,+39h
2021-11-30 04:00,CN_SRI_MUM_02631022,0.737,2,+28h
2021-11-28 18:00,CN_SRI_MUM_02631022,-0.479,1,+42h
2021-12-07 15:00,CN_SRI_MUM_02631022,-1.037,1,+39h
2021-11-23 05:00,CN_SRI_MUM_02631022,-0.383,1,+29h
2021-12-09 07:00,CN_SRI_MUM_02631022,-0.369,1,+31h
2021-11-10 20:00,CN_SRI_MUM_02631022,0.492,1,+44h
2021-12-10 17:00,CN_SRI_MUM_02631022,-0.588,1,+41h
2021-12-02 20:00,CN_SRI_MUM_02631022,0.225,1,+44h
2021-11-29 15:00,CN_SRI_MUM_02631022,0.421,1,+39h
2021-11-28 06:00,CN_SRI_MUM_02631022,-0.389,1,+30h
2021-12-06 10:00,CN_SRI_MUM_02631022,0.001,1,+34h
2021-11-18 20:00,CN_SRI_MUM_02631022,0.858,2,+44h
2021-12-09 08:00,CN_SRI_MUM_02631022,0.102,1,+32h
2021-11-30 07:00,CN_SRI_MUM_02631022,-0.162,1,+31h
2021-12-10 22:00,CN_SRI_MUM_02631022,1.227,2,+46h
2021-11-13 08:00,CN_SRI_MUM_02631022,-0.735,1,+32h
2021-12-02 23:00,CN_SRI_MUM_02631022,-1.010,1,+47h
2021-12-09 20:00,CN_SRI_MUM_02631022,0.587,1,+44h
2021-11-27 06:00,CN_SRI_MUM_02631022,-0.292,1,+30h
2021-11-23 13:00,CN_SRI_MUM_02631022,-0.605,1,+37h
2021-12-01 05:00,CN_SRI_MUM_02631022,0.250,1,+29h
2021-11-14 09:00,CN_SRI_MUM_02631022,-0.790,1,+33h
2021-12-03 16:00,CN_SRI_MUM_02631022,1.339,2,+40h
2021-11-22 12:00,CN_SRI_MUM_02631022,-0.420,1,+36h
2021-11-27 23:00,CN_SRI_MUM_02631022,1.087,2,+47h
2021-11-18 17:00,CN_SRI_MUM_02631022,1.099,2,+41h
2021-11-24 16:00,CN_SRI_MUM_02631022,-0.935,1,+40h
2021-11-20 01:00,CN_SRI_MUM_02631022,-1.159,1,+25h
2021-12-01 16:00,CN_SRI_MUM_02631022,1.136,2,+40h
2021-11-28 01:00,CN_SRI_MUM_02631022,1.111,2,+25h
2021-11-25 06:00,CN_SRI_MUM_02631022,-0.476,1,+30h
2021-11-27 07:00,CN_SRI_MUM_02631022,-0.181,1,+31h
2021-11-24 10:00,CN_SRI_MUM_02631022,0.177,1,+34h
2021-11-17 03:00,CN_SRI_MUM_02631022,0.273,1,+27h
2021-11-11 08:00,CN_SRI_MUM_02631022,-0.454,1,+32h
2021-11-25 08:00,CN_SRI_MUM_02631022,0.137,1,+32h
2021-12-02 21:00,CN_SRI_MUM_02631022,-0.331,1,+45h
2021-11-25 20:00,CN_SRI_MUM_02631022,0.652,2,+44h
2021-11-27 04:00,CN_SRI_MUM_02631022,-0.055,1,+28h
2021-11-19 03:00,CN_SRI_MUM_02631022,-0.383,1,+27h
2021-11-24 09:00,CN_SRI_MUM_02631022,0.237,1,+33h
2021-11-23 20:00,CN_SRI_MUM_02631022,1.266,2,+44h
2021-11-24 05:00,CN_SRI_MUM_02631022,-0.684,1,+29h
2021-11-19 23:00,CN_SRI_MUM_02631022,-0.542,1,+47h
2021-12-01 18:00,CN_SRI_MUM_02631022,0.840,2,+42h
2021-11-15 05:00,CN_SRI_MUM_02631022,0.604,1,+29h
2021-11-30 21:00,CN_SRI_MUM_02631022,-0.626,1,+45h
2021-11-14 07:00,CN_SRI_MUM_02631022,-0.521,1,+31h
2021-12-05 21:00,CN_SRI_MUM_02631022,1.069,2,+45h
2021-12-03 01:00,CN_SRI_MUM_02631022,-0.628,1,+25h
2021-11-10 21:00,CN_SRI_MUM_02631022,1.008,2,+45h
2021-11-22 00:00,CN_SRI_MUM_02631022,-0.467,1,+48h
2021-11-17 04:00,CN_SRI_MUM_02631022,0.663,2,+28h
2021-11-23 22:00,CN_SRI_MUM_02631022,1.248,2,+46h
2021-11-13 03:00,CN_SRI_MUM_02631022,0.689,2,+27h
2021-12-08 05:00,CN_SRI_MUM_02631022,-1.358,1,+29h
2021-12-07 17:00,CN_SRI_MUM_02631022,-0.219,1,+41h
2021-12-01 11:00,CN_SRI_MUM_02631022,-0.881,1,+35h
2021-12-01 23:00,CN_SRI_MUM_02631022,-0.811,1,+47h
2021-12-04 21:00,CN_SRI_MUM_02631022,0.786,2,+45h
2021-11-28 16:00,CN_SRI_MUM_02631022,-0.084,1,+40h
2021-11-21 15:00,CN_SRI_MUM_02631022,-0.685,1,+39h
2021-11-19 05:00,CN_SRI_MUM_02631022,0.558,1,+29h
2021-12-04 08:00,CN_SRI_MUM_02631022,0.216,1,+32h
2021-12-06 19:00,CN_SRI_MUM_02631022,1.637,2,+43h
2021-12-03 23:00,CN_SRI_MUM_02631022,-1.101,1,+47h
2021-12-07 19:00,CN_SRI_MUM_02631022,1.128,2,+43h
2021-12-05 08:00,CN_SRI_MUM_02631022,0.826,2,+32h
2021-11-28 13:00,CN_SRI_MUM_02631022,0.459,1,+37h
2021-11-28 23:00,CN_SRI_MUM_02631022,0.440,1,+47h
2021-11-20 19:00,CN_SRI_MUM_02631022,1.149,2,+43h
2021-11-17 15:00,CN_SRI_MUM_02631022,0.235,1,+39h
2021-11-15 17:00,CN_SRI_MUM_02631022,0.735,2,+41h
2021-11-20 14:00,CN_SRI_MUM_02631022,-1.030,1,+38h
2021-11-22 13:00,CN_SRI_MUM_02631022,-0.681,1,+37h
2021-11-19 02:00,CN_SRI_MUM_02631022,-0.803,1,+26h
2021-11-16 03:00,CN_SRI_MUM_02631022,0.919,2,+27h
2021-12-10 15:00,CN_SRI_MUM_02631022,-0.353,1,+39h
2021-12-08 03:00,CN_SRI_MUM_02631022,-1.914,1,+27h
2021-11-10 22:00,CN_SRI_MUM_02631022,1.340,2,+46h
2021-12-05 02:00,CN_SRI_MUM_02631022,-1.174,1,+26h
2021-12-08 15:00,CN_SRI_MUM_02631022,-1.051,1,+39h
2021-11-16 11:00,CN_SRI_MUM_02631022,-0.701,1,+35h
2021-11-26 23:00,CN_SRI_MUM_02631022,1.187,2,+47h
2021-11-27 14:00,CN_SRI_MUM_02631022,0.229,1,+38h
2021-11-26 18:00,CN_SRI_MUM_02631022,-0.376,1,+42h
2021-12-09 10:00,CN_SRI_MUM_02631022,0.609,1,+34h
2021-11-13 11:00,CN_SRI_MUM_02631022,0.029,1,+35h
2021-11-19 18:00,CN_SRI_MUM_02631022,1.173,2,+42h
2021-11-21 03:00,CN_SRI_MUM_02631022,-0.971,1,+27h
2021-11-30 12:00,CN_SRI_MUM_02631022,0.095,1,+36h
2021-11-21 18:00,CN_SRI_MUM_02631022,0.729,2,+42h
2021-12-06 05:00,CN_SRI_MUM_02631022,-0.412,1,+29h
2021-12-01 10:00,CN_SRI_MUM_02631022,-1.086,1,+34h
2021-12-02 05:00,CN_SRI_MUM_02631022,0.815,2,+29h
2021-12-05 01:00,CN_SRI_MUM_02631022,-1.306,1,+25h
2021-11-22 19:00,CN_SRI_MUM_02631022,1.215,2,+43h
2021-11-13 00:00,CN_SRI_MUM_02631022,1.028,2,+48h
2021-11-09 02:00,CN_SRI_MUM_02631022,-0.937,1,+02h
2021-11-22 14:00,CN_SRI_MUM_02631022,-0.779,1,+38h
2021-12-10 04:00,CN_SRI_MUM_02631022,-1.458,1,+28h
2021-11-23 18:00,CN_SRI_MUM_02631022,0.434,1,+42h
2021-11-30 09:00,CN_SRI_MUM_02631022,-0.508,1,+33h
2021-12-05 18:00,CN_SRI_MUM_02631022,1.347,2,+42h
2021-11-16 15:00,CN_SRI_MUM_02631022,0.415,1,+39h
2021-11-18 05:00,CN_SRI_MUM_02631022,0.672,2,+29h
2021-11-29 08:00,CN_SRI_MUM_02631022,-0.654,1,+32h
2021-11-22 02:00,CN_SRI_MUM_02631022,-1.103,1,+26h
2021-12-04 16:00,CN_SRI_MUM_02631022,0.801,2,+40h
2021-12-05 13:00,CN_SRI_MUM_02631022,-1.309,1,+37h
2021-11-19 06:00,CN_SRI_MUM_02631022,0.835,2,+30h
2021-11-14 17:00,CN_SRI_MUM_02631022,0.344,1,+41h
2021-12-02 12:00,CN_SRI_MUM_02631022,-0.867,1,+36h
2021-12-02 13:00,CN_SRI_MUM_02631022,-0.418,1,+37h
2021-11-25 05:00,CN_SRI_MUM_02631022,-0.693,1,+29h
2021-11-23 12:00,CN_SRI_MUM_02631022,-0.208,1,+36h
2021-11-09 17:00,CN_SRI_MUM_02631022,-0.727,1,+17h
2021-12-08 22:00,CN_SRI_MUM_02631022,1.589,2,+46h
2021-12-02 14:00,CN_SRI_MUM_02631022,0.143,1,+38h
2021-11-30 13:00,CN_SRI_MUM_02631022,0.423,1,+37h
2021-11-15 01:00,CN_SRI_MUM_02631022,0.494,1,+25h
2021-11-20 03:00,CN_SRI_MUM_02631022,-0.851,1,+27h
2021-11-12 03:00,CN_SRI_MUM_02631022,-0.140,1,+27h
2021-11-14 03:00,CN_SRI_MUM_02631022,0.890,2,+27h
2021-12-09 22:00,CN_SRI_MUM_02631022,1.160,2,+46h
2021-12-04 10:00,CN_SRI_MUM_02631022,-0.801,1,+34h
2021-11-24 02:00,CN_SRI_MUM_02631022,-0.479,1,+26h
2021-12-08 19:00,CN_SRI_MUM_02631022,0.805,2,+43h
2021-12-04 04:00,CN_SRI_MUM_02631022,-0.034,1,+28h
2021-11-30 14:00,CN_SRI_MUM_02631022,0.676,2,+38h
2021-11-17 09:00,CN_SRI_MUM_02631022,-0.195,1,+33h
2021-11-25 13:00,CN_SRI_MUM_02631022,-0.295,1,+37h
2021-11-27 10:00,CN_SRI_MUM_02631022,0.510,1,+34h
2021-12-03 00:00,CN_SRI_MUM_02631022,-0.968,1,+48h
2021-11-17 18:00,CN_SRI_MUM_02631022,0.949,2,+42h
2021-11-21 02:00,CN_SRI_MUM_02631022,-1.129,1,+26h
2021-11-21 23:00,CN_SRI_MUM_02631022,0.067,1,+47h
2021-11-11 05:00,CN_SRI_MUM_02631022,-0.999,1,+29h
2021-11-12 22:00,CN_SRI_MUM_02631022,0.365,1,+46h
2021-12-05 16:00,CN_SRI_MUM_02631022,0.074,1,+40h
2021-11-13 19:00,CN_SRI_MUM_02631022,-0.483,1,+43h
2021-11-10 14:00,CN_SRI_MUM_02631022,-0.643,1,+38h
2021-11-12 01:00,CN_SRI_MUM_02631022,0.704,2,+25h
2021-11-23 03:00,CN_SRI_MUM_02631022,-0.747,1,+27h
2021-11-24 06:00,CN_SRI_MUM_02631022,-0.368,1,+30h
2021-12-06 17:00,CN_SRI_MUM_02631022,0.313,1,+41h
2021-11-16 04:00,CN_SRI_MUM_02631022,1.111,2,+28h
2021-12-06 09:00,CN_SRI_MUM_02631022,0.444,1,+33h
2021-11-11 03:00,CN_SRI_MUM_02631022,-0.329,1,+27h
2021-11-26 15:00,CN_SRI_MUM_02631022,-0.465,1,+39h
2021-11-27 08:00,CN_SRI_MUM_02631022,0.031,1,+32h
2021-11-09 18:00,CN_SRI_MUM_02631022,-0.200,1,+18h
2021-12-09 23:00,CN_SRI_MUM_02631022,1.039,2,+47h
2021-11-19 17:00,CN_SRI_MUM_02631022,0.870,2,+41h
2021-11-17 19:00,CN_SRI_MUM_02631022,0.724,2,+43h
2021-11-11 23:00,CN_SRI_MUM_02631022,0.788,2,+47h
2021-11-17 23:00,CN_SRI_MUM_02631022,-1.057,1,+47h
2021-11-27 02:00,CN_SRI_MUM_02631022,0.627,1,+26h
2021-11-19 15:00,CN_SRI_MUM_02631022,-0.116,1,+39h
2021-11-28 02:00,CN_SRI_MUM_02631022,0.889,2,+26h
2021-11-24 08:00,CN_SRI_MUM_02631022,0.204,1,+32h
2021-12-05 07:00,CN_SRI_MUM_02631022,0.979,2,+31h
2021-11-25 12:00,CN_SRI_MUM_02631022,0.027,1,+36h
2021-11-13 17:00,CN_SRI_MUM_02631022,-0.053,1,+41h
2021-11-23 19:00,CN_SRI_MUM_02631022,0.920,2,+43h
2021-11-22 10:00,CN_SRI_MUM_02631022,0.301,1,+34h
2021-12-05 03:00,CN_SRI_MUM_02631022,-0.763,1,+27h
2021-11-09 15:00,CN_SRI_MUM_02631022,-1.104,1,+15h
2021-11-30 11:00,CN_SRI_MUM_02631022,-0.223,1,+35h
2021-12-02 17:00,CN_SRI_MUM_02631022,1.244,2,+41h
2021-12-04 12:00,CN_SRI_MUM_02631022,-1.298,1,+36h
2021-11-19 20:00,CN_SRI_MUM_02631022,1.000,2,+44h
2021-11-29 18:00,CN_SRI_MUM_02631022,-0.340,1,+42h
2021-11-14 19:00,CN_SRI_MUM_02631022,-0.243,1,+43h
2021-12-08 17:00,CN_SRI_MUM_02631022,-0.436,1,+41h
2021-11-17 17:00,CN_SRI_MUM_02631022,0.918,2,+41h
2021-11-12 17:00,CN_SRI_MUM_02631022,-0.596,1,+41h
2021-11-18 00:00,CN_SRI_MUM_02631022,-1.170,1,+48h
2021-12-08 00:00,CN_SRI_MUM_02631022,-0.287,1,+48h
2021-12-02 09:00,CN_SRI_MUM_02631022,-0.797,1,+33h
2021-11-12 19:00,CN_SRI_MUM_02631022,-0.662,1,+43h
2021-12-05 11:00,CN_SRI_MUM_02631022,-0.770,1,+35h
2021-11-30 16:00,CN_SRI_MUM_02631022,0.738,2,+40h
2021-11-11 14:00,CN_SRI_MUM_02631022,-0.172,1,+38h
2021-11-17 02:00,CN_SRI_MUM_02631022,-0.223,1,+26h
2021-11-28 10:00,CN_SRI_MUM_02631022,0.011,1,+34h
2021-11-21 11:00,CN_SRI_MUM_02631022,-0.353,1,+35h
2021-11-16 09:00,CN_SRI_MUM_02631022,-0.352,1,+33h
2021-11-28 03:00,CN_SRI_MUM_02631022,0.560,1,+27h
2021-11-20 04:00,CN_SRI_MUM_02631022,-0.454,1,+28h
2021-11-23 00:00,CN_SRI_MUM_02631022,0.213,1,+48h
2021-11-18 23:00,CN_SRI_MUM_02631022,-0.678,1,+47h
2021-12-07 06:00,CN_SRI_MUM_02631022,0.520,1,+30h
2021-11-27 01:00,CN_SRI_MUM_02631022,0.948,2,+25h
2021-11-27 22:00,CN_SRI_MUM_02631022,0.863,2,+46h
2021-11-16 05:00,CN_SRI_MUM_02631022,1.143,2,+29h
2021-12-08 09:00,CN_SRI_MUM_02631022,0.723,2,+33h
2021-11-10 18:00,CN_SRI_MUM_02631022,-0.610,1,+42h
2021-11-19 14:00,CN_SRI_MUM_02631022,-0.536,1,+38h
2021-11-10 02:00,CN_SRI_MUM_02631022,-0.383,1,+26h
2021-11-16 14:00,CN_SRI_MUM_02631022,0.063,1,+38h
2021-11-22 21:00,CN_SRI_MUM_02631022,1.475,2,+45h
2021-12-05 06:00,CN_SRI_MUM_02631022,0.820,2,+30h
2021-11-24 07:00,CN_SRI_MUM_02631022,-0.054,1,+31h
2021-11-26 14:00,CN_SRI_MUM_02631022,-0.213,1,+38h
2021-11-28 20:00,CN_SRI_MUM_02631022,-0.424,1,+44h
2021-11-30 22:00,CN_SRI_MUM_02631022,-0.710,1,+46h
2021-11-14 15:00,CN_SRI_MUM_02631022,0.616,1,+39h
2021-12-04 03:00,CN_SRI_MUM_02631022,-0.567,1,+27h
2021-12-03 15:00,CN_SRI_MUM_02631022,0.627,1,+39h
2021-11-19 08:00,CN_SRI_MUM_02631022,0.711,2,+32h
2021-12-05 22:00,CN_SRI_MUM_02631022,0.402,1,+46h
2021-11-23 04:00,CN_SRI_MUM_02631022,-0.663,1,+28h
2021-12-08 01:00,CN_SRI_MUM_02631022,-1.039,1,+25h
2021-12-09 03:00,CN_SRI_MUM_02631022,-1.122,1,+27h
2021-12-01 03:00,CN_SRI_MUM_02631022,0.350,1,+27h
2021-12-07 23:00,CN_SRI_MUM_02631022,0.461,1,+47h
2021-11-26 02:00,CN_SRI_MUM_02631022,0.057,1,+26h
2021-12-10 03:00,CN_SRI_MUM_02631022,-1.041,1,+27h
2021-12-02 15:00,CN_SRI_MUM_02631022,0.686,2,+39h
2021-11-30 18:00,CN_SRI_MUM_02631022,0.099,1,+42h
2021-12-01 21:00,CN_SRI_MUM_02631022,-0.532,1,+45h
2021-11-18 08:00,CN_SRI_MUM_02631022,0.456,1,+32h
2021-12-04 18:00,CN_SRI_MUM_02631022,1.752,2,+42h
2021-12-10 02:00,CN_SRI_MUM_02631022,-0.475,1,+26h
2021-11-28 04:00,CN_SRI_MUM_02631022,0.184,1,+28h
2021-12-06 06:00,CN_SRI_MUM_02631022,0.163,1,+30h
2021-11-14 13:00,CN_SRI_MUM_02631022,0.271,1,+37h
2021-12-04 11:00,CN_SRI_MUM_02631022,-1.189,1,+35h
2021-11-26 07:00,CN_SRI_MUM_02631022,-0.307,1,+31h
2021-11-09 09:00,CN_SRI_MUM_02631022,0.759,2,+09h
2021-12-09 06:00,CN_SRI_MUM_02631022,-0.860,1,+30h
2021-11-23 08:00,CN_SRI_MUM_02631022,0.553,1,+32h
2021-11-10 08:00,CN_SRI_MUM_02631022,-0.067,1,+32h
2021-11-16 00:00,CN_SRI_MUM_02631022,-0.291,1,+48h
2021-12-08 06:00,CN_SRI_MUM_02631022,-0.730,1,+30h
2021-11-13 13:00,CN_SRI_MUM_02631022,0.519,1,+37h
2021-12-03 14:00,CN_SRI_MUM_02631022,0.028,1,+38h
2021-12-03 20:00,CN_SRI_MUM_02631022,0.898,2,+44h
2021-12-02 06:00,CN_SRI_MUM_02631022,0.561,1,+30h
2021-11-22 08:00,CN_SRI_MUM_02631022,0.557,1,+32h
2021-11-30 15:00,CN_SRI_MUM_02631022,0.825,2,+39h
2021-12-05 15:00,CN_SRI_MUM_02631022,-0.612,1,+39h
2021-12-07 00:00,CN_SRI_MUM_02631022,-0.036,1,+48h
2021-11-24 11:00,CN_SRI_MUM_02631022,-0.108,1,+35h
2021-11-19 07:00,CN_SRI_MUM_02631022,0.888,2,+31h
2021-11-09 20:00,CN_SRI_MUM_02631022,1.086,2,+20h
2021-11-11 13:00,CN_SRI_MUM_02631022,0.177,1,+37h
2021-11-12 13:00,CN_SRI_MUM_02631022,0.331,1,+37h
2021-11-29 14:00,CN_SRI_MUM_02631022,0.478,1,+38h
2021-12-10 07:00,CN_SRI_MUM_02631022,-1.098,1,+31h
2021-11-25 02:00,CN_SRI_MUM_02631022,-0.324,1,+26h
2021-11-29 13:00,CN_SRI_MUM_02631022,0.386,1,+37h
2021-11-09 01:00,CN_SRI_MUM_02631022,-0.359,1,+01h
2021-12-01 12:00,CN_SRI_MUM_02631022,-0.485,1,+36h
2021-11-24 22:00,CN_SRI_MUM_02631022,1.190,2,+46h
2021-11-24 17:00,CN_SRI_MUM_02631022,-0.531,1,+41h
2021-12-09 05:00,CN_SRI_MUM_02631022,-1.195,1,+29h
2021-11-10 19:00,CN_SRI_MUM_02631022,-0.088,1,+43h
2021-11-25 01:00,CN_SRI_MUM_02631022,0.120,1,+25h
2021-12-08 11:00,CN_SRI_MUM_02631022,0.432,1,+35h
2021-12-04 09:00,CN_SRI_MUM_02631022,-0.283,1,+33h
2021-12-01 09:00,CN_SRI_MUM_02631022,-1.025,1,+33h
2021-11-18 13:00,CN_SRI_MUM_02631022,-0.661,1,+37h
2021-11-21 09:00,CN_SRI_MUM_02631022,0.398,1,+33h
2021-12-05 19:00,CN_SRI_MUM_02631022,1.609,2,+43h
2021-11-18 11:00,CN_SRI_MUM_02631022,-0.713,1,+35h
2021-11-18 19:00,CN_SRI_MUM_02631022,1.193,2,+43h
2021-12-07 09:00,CN_SRI_MUM_02631022,1.282,2,+33h
2021-11-14 16:00,CN_SRI_MUM_02631022,0.545,1,+40h
2021-11-12 14:00,CN_SRI_MUM_02631022,0.201,1,+38h
2021-12-07 13:00,CN_SRI_MUM_02631022,-0.795,1,+37h
2021-12-10 06:00,CN_SRI_MUM_02631022,-1.442,1,+30h
2021-12-07 02:00,CN_SRI_MUM_02631022,-0.846,1,+26h
2021-12-09 11:00,CN_SRI_MUM_02631022,0.507,1,+35h
2021-11-20 22:00,CN_SRI_MUM_02631022,0.345,1,+46h
2021-11-14 01:00,CN_SRI_MUM_02631022,0.857,2,+25h
2021-11-10 07:00,CN_SRI_MUM_02631022,-0.527,1,+31h
2021-12-08 07:00,CN_SRI_MUM_02631022,-0.085,1,+31h
2021-11-09 21:00,CN_SRI_MUM_02631022,1.527,2,+21h
2021-11-29 12:00,CN_SRI_MUM_02631022,0.179,1,+36h
2021-12-05 23:00,CN_SRI_MUM_02631022,-0.397,1,+47h
2021-11-10 23:00,CN_SRI_MUM_02631022,1.417,2,+47h
2021-12-04 17:00,CN_SRI_MUM_02631022,1.404,2,+41h
2021-12-07 03:00,CN_SRI_MUM_02631022,-0.857,1,+27h
2021-11-12 08:00,CN_SRI_MUM_02631022,-0.975,1,+32h
2021-11-13 09:00,CN_SRI_MUM_02631022,-0.579,1,+33h
2021-12-04 13:00,CN_SRI_MUM_02631022,-1.096,1,+37h
2021-11-15 23:00,CN_SRI_MUM_02631022,-0.560,1,+47h
2021-11-25 15:00,CN_SRI_MUM_02631022,-0.768,1,+39h
2021-11-20 00:00,CN_SRI_MUM_02631022,-0.978,1,+48h
2021-11-30 02:00,CN_SRI_MUM_02631022,0.793,2,+26h
2021-11-17 10:00,CN_SRI_MUM_02631022,-0.510,1,+34h
2021-11-19 01:00,CN_SRI_MUM_02631022,-1.017,1,+25h
2021-11-10 16:00,CN_SRI_MUM_02631022,-1.095,1,+40h
2021-12-02 10:00,CN_SRI_MUM_02631022,-1.064,1,+34h
2021-11-12 07:00,CN_SRI_MUM_02631022,-1.182,1,+31h
2021-11-24 04:00,CN_SRI_MUM_02631022,-0.808,1,+28h
2021-12-06 23:00,CN_SRI_MUM_02631022,0.682,2,+47h
2021-12-07 20:00,CN_SRI_MUM_02631022,1.550,2,+44h
2021-12-07 04:00,CN_SRI_MUM_02631022,-0.571,1,+28h
2021-11-16 13:00,CN_SRI_MUM_02631022,-0.328,1,+37h
2021-12-07 21:00,CN_SRI_MUM_02631022,1.499,2,+45h
2021-11-10 04:00,CN_SRI_MUM_02631022,-1.180,1,+28h
2021-11-14 08:00,CN_SRI_MUM_02631022,-0.743,1,+32h
2021-12-02 02:00,CN_SRI_MUM_02631022,0.212,1,+26h
2021-11-28 17:00,CN_SRI_MUM_02631022,-0.318,1,+41h
2021-11-12 09:00,CN_SRI_MUM_02631022,-0.636,1,+33h
2021-11-27 00:00,CN_SRI_MUM_02631022,1.143,2,+48h
2021-11-21 07:00,CN_SRI_MUM_02631022,0.480,1,+31h
2021-11-26 08:00,CN_SRI_MUM_02631022,-0.007,1,+32h
2021-11-14 10:00,CN_SRI_MUM_02631022,-0.674,1,+34h
2021-11-25 03:00,CN_SRI_MUM_02631022,-0.640,1,+27h
2021-11-24 03:00,CN_SRI_MUM_02631022,-0.753,1,+27h
2021-11-25 14:00,CN_SRI_MUM_02631022,-0.592,1,+38h
2021-11-17 00:00,CN_SRI_MUM_02631022,-0.969,1,+48h
2021-11-19 04:00,CN_SRI_MUM_02631022,0.105,1,+28h
2021-11-10 06:00,CN_SRI_MUM_02631022,-0.933,1,+30h
2021-12-08 10:00,CN_SRI_MUM_02631022,0.714,2,+34h
2021-11-26 13:00,CN_SRI_MUM_02631022,0.075,1,+37h
2021-11-22 18:00,CN_SRI_MUM_02631022,0.764,2,+42h
2021-11-20 09:00,CN_SRI_MUM_02631022,0.077,1,+33h
2021-11-23 07:00,CN_SRI_MUM_02631022,0.309,1,+31h
2021-12-11 00:00,CN_SRI_MUM_02631022,1.216,2,+48h
2021-11-30 23:00,CN_SRI_MUM_02631022,-0.606,1,+47h
2021-11-20 17:00,CN_SRI_MUM_02631022,0.423,1,+41h
2021-11-18 04:00,CN_SRI_MUM_02631022,0.311,1,+28h
2021-11-12 06:00,CN_SRI_MUM_02631022,-1.196,1,+30h
2021-12-10 16:00,CN_SRI_MUM_02631022,-0.557,1,+40h
2021-11-27 13:00,CN_SRI_MUM_02631022,0.465,1,+37h
2021-11-23 01:00,CN_SRI_MUM_02631022,-0.221,1,+25h
2021-12-02 16:00,CN_SRI_MUM_02631022,1.085,2,+40h
2021-11-11 01:00,CN_SRI_MUM_02631022,0.779,2,+25h
2021-11-21 08:00,CN_SRI_MUM_02631022,0.548,1,+32h
2021-11-12 10:00,CN_SRI_MUM_02631022,-0.237,1,+34h
2021-11-12 12:00,CN_SRI_MUM_02631022,0.302,1,+36h
2021-12-06 15:00,CN_SRI_MUM_02631022,-1.074,1,+39h
2021-11-10 00:00,CN_SRI_MUM_02631022,0.906,2,+24h
2021-12-04 01:00,CN_SRI_MUM_02631022,-1.391,1,+25h
2021-11-16 06:00,CN_SRI_MUM_02631022,0.884,2,+30h
2021-12-03 13:00,CN_SRI_MUM_02631022,-0.486,1,+37h
2021-11-19 21:00,CN_SRI_MUM_02631022,0.567,1,+45h
2021-11-13 02:00,CN_SRI_MUM_02631022,1.003,2,+26h
2021-11-24 20:00,CN_SRI_MUM_02631022,0.906,2,+44h
2021-11-20 11:00,CN_SRI_MUM_02631022,-0.747,1,+35h
2021-12-03 02:00,CN_SRI_MUM_02631022,-0.152,1,+26h
2021-12-08 04:00,CN_SRI_MUM_02631022,-1.791,1,+28h
2021-11-13 01:00,CN_SRI_MUM_02631022,1.122,2,+25h
2021-11-19 10:00,CN_SRI_MUM_02631022,-0.104,1,+34h
2021-11-16 17:00,CN_SRI_MUM_02631022,0.698,2,+41h
2021-12-06 21:00,CN_SRI_MUM_02631022,1.776,2,+45h
2021-11-19 11:00,CN_SRI_MUM_02631022,-0.506,1,+35h
2021-12-10 23:00,CN_SRI_MUM_02631022,1.321,2,+47h
2021-11-30 20:00,CN_SRI_MUM_02631022,-0.400,1,+44h
2021-11-22 15:00,CN_SRI_MUM_02631022,-0.639,1,+39h
2021-11-15 02:00,CN_SRI_MUM_02631022,0.753,2,+26h
2021-11-18 10:00,CN_SRI_MUM_02631022,-0.410,1,+34h
2021-12-06 12:00,CN_SRI_MUM_02631022,-1.081,1,+36h
2021-12-07 16:00,CN_SRI_MUM_02631022,-0.765,1,+40h
2021-11-15 16:00,CN_SRI_MUM_02631022,0.822,2,+40h
2021-11-20 21:00,CN_SRI_MUM_02631022,0.819,2,+45h
2021-11-27 17:00,CN_SRI_MUM_02631022,-0.344,1,+41h
2021-11-09 22:00,CN_SRI_MUM_02631022,1.612,2,+22h
2021-11-10 13:00,CN_SRI_MUM_02631022,-0.224,1,+37h
2021-11-16 07:00,CN_SRI_MUM_02631022,0.522,1,+31h
2021-11-24 15:00,CN_SRI_MUM_02631022,-1.114,1,+39h
2021-12-03 10:00,CN_SRI_MUM_02631022,-0.505,1,+34h
2021-12-07 22:00,CN_SRI_MUM_02631022,1.117,2,+46h
2021-11-11 15:00,CN_SRI_MUM_02631022,-0.553,1,+39h
2021-11-12 20:00,CN_SRI_MUM_02631022,-0.420,1,+44h
2021-12-05 12:00,CN_SRI_MUM_02631022,-1.179,1,+36h
2021-11-18 18:00,CN_SRI_MUM_02631022,1.277,2,+42h
2021-11-25 11:00,CN_SRI_MUM_02631022,0.283,1,+35h
2021-11-10 09:00,CN_SRI_MUM_02631022,0.293,1,+33h
2021-12-01 13:00,CN_SRI_MUM_02631022,0.022,1,+37h
2021-11-17 01:00,CN_SRI_MUM_02631022,-0.679,1,+25h
2021-11-26 06:00,CN_SRI_MUM_02631022,-0.546,1,+30h
2021-11-21 20:00,CN_SRI_MUM_02631022,1.164,2,+44h
2021-12-03 03:00,CN_SRI_MUM_02631022,0.382,1,+27h
2021-11-09 06:00,CN_SRI_MUM_02631022,-0.548,1,+06h
2021-11-26 20:00,CN_SRI_MUM_02631022,0.369,1,+44h
2021-11-13 04:00,CN_SRI_MUM_02631022,0.282,1,+28h
2021-11-21 14:00,CN_SRI_MUM_02631022,-0.915,1,+38h
2021-12-10 14:00,CN_SRI_MUM_02631022,-0.105,1,+38h
2021-11-29 01:00,CN_SRI_MUM_02631022,0.823,2,+25h
2021-11-19 19:00,CN_SRI_MUM_02631022,1.222,2,+43h
2021-11-27 03:00,CN_SRI_MUM_02631022,0.260,1,+27h
2021-11-22 06:00,CN_SRI_MUM_02631022,0.003,1,+30h
2021-12-05 10:00,CN_SRI_MUM_02631022,-0.188,1,+34h
2021-11-09 12:00,CN_SRI_MUM_02631022,0.056,1,+12h
2021-11-11 22:00,CN_SRI_MUM_02631022,0.529,1,+46h
2021-12-09 13:00,CN_SRI_MUM_02631022,-0.276,1,+37h
2021-11-12 11:00,CN_SRI_MUM_02631022,0.094,1,+35h
2021-11-22 17:00,CN_SRI_MUM_02631022,0.216,1,+41h
2021-11-12 21:00,CN_SRI_MUM_02631022,-0.058,1,+45h
2021-12-05 05:00,CN_SRI_MUM_02631022,0.396,1,+29h
2021-12-06 13:00,CN_SRI_MUM_02631022,-1.405,1,+37h
2021-11-18 06:00,CN_SRI_MUM_02631022,0.835,2,+30h
2021-12-03 19:00,CN_SRI_MUM_02631022,1.452,2,+43h
2021-12-06 18:00,CN_SRI_MUM_02631022,1.072,2,+42h
2021-11-29 00:00,CN_SRI_MUM_02631022,0.696,2,+48h
2021-12-02 07:00,CN_SRI_MUM_02631022,0.126,1,+31h
2021-11-16 10:00,CN_SRI_MUM_02631022,-0.628,1,+34h
2021-11-22 09:00,CN_SRI_MUM_02631022,0.526,1,+33h
2021-11-10 15:00,CN_SRI_MUM_02631022,-0.968,1,+39h
2021-12-04 15:00,CN_SRI_MUM_02631022,0.070,1,+39h
2021-12-04 19:00,CN_SRI_MUM_02631022,1.767,2,+43h
2021-11-15 03:00,CN_SRI_MUM_02631022,0.889,2,+27h
2021-11-10 03:00,CN_SRI_MUM_02631022,-0.905,1,+27h
2021-12-09 19:00,CN_SRI_MUM_02631022,0.040,1,+43h
2021-12-06 22:00,CN_SRI_MUM_02631022,1.335,2,+46h
2021-11-30 06:00,CN_SRI_MUM_02631022,0.173,1,+30h
2021-11-27 11:00,CN_SRI_MUM_02631022,0.631,1,+35h
2021-12-06 16:00,CN_SRI_MUM_02631022,-0.454,1,+40h
2021-11-13 06:00,CN_SRI_MUM_02631022,-0.487,1,+30h
2021-12-01 06:00,CN_SRI_MUM_02631022,-0.049,1,+30h
2021-12-03 09:00,CN_SRI_MUM_02631022,-0.062,1,+33h
2021-12-06 11:00,CN_SRI_MUM_02631022,-0.563,1,+35h
2021-11-30 01:00,CN_SRI_MUM_02631022,0.578,1,+25h
2021-12-06 07:00,CN_SRI_MUM_02631022,0.544,1,+31h
2021-11-18 12:00,CN_SRI_MUM_02631022,-0.809,1,+36h
2021-11-21 17:00,CN_SRI_MUM_02631022,0.243,1,+41h
2021-11-15 06:00,CN_SRI_MUM_02631022,0.228,1,+30h
2021-11-27 05:00,CN_SRI_MUM_02631022,-0.250,1,+29h
2021-12-01 17:00,CN_SRI_MUM_02631022,1.110,2,+41h
2021-11-27 15:00,CN_SRI_MUM_02631022,-0.045,1,+39h
2021-11-18 07:00,CN_SRI_MUM_02631022,0.751,2,+31h
2021-11-13 05:00,CN_SRI_MUM_02631022,-0.137,1,+29h
2021-11-15 22:00,CN_SRI_MUM_02631022,-0.630,1,+46h
2021-11-19 12:00,CN_SRI_MUM_02631022,-0.752,1,+36h
2021-12-09 09:00,CN_SRI_MUM_02631022,0.468,1,+33h
2021-12-10 10:00,CN_SRI_MUM_02631022,0.216,1,+34h
2021-12-04 07:00,CN_SRI_MUM_02631022,0.552,1,+31h
2021-12-02 19:00,CN_SRI_MUM_02631022,0.750,2,+43h
2021-11-30 05:00,CN_SRI_MUM_02631022,0.495,1,+29h
2021-11-29 16:00,CN_SRI_MUM_02631022,0.230,1,+40h
2021-11-13 18:00,CN_SRI_MUM_02631022,-0.314,1,+42h
2021-12-04 02:00,CN_SRI_MUM_02631022,-1.060,1,+26h
2021-11-10 11:00,CN_SRI_MUM_02631022,0.427,1,+35h
2021-11-22 07:00,CN_SRI_MUM_02631022,0.369,1,+31h
2021-12-08 23:00,CN_SRI_MUM_02631022,1.253,2,+47h
2021-12-08 14:00,CN_SRI_MUM_02631022,-0.904,1,+38h
2021-12-08 16:00,CN_SRI_MUM_02631022,-0.886,1,+40h
2021-11-23 10:00,CN_SRI_MUM_02631022,0.430,1,+34h
2021-11-30 17:00,CN_SRI_MUM_02631022,0.501,1,+41h
2021-11-29 05:00,CN_SRI_MUM_02631022,-0.010,1,+29h
2021-11-22 01:00,CN_SRI_MUM_02631022,-0.876,1,+25h
2021-12-03 04:00,CN_SRI_MUM_02631022,0.843,2,+28h
2021-11-13 10:00,CN_SRI_MUM_02631022,-0.316,1,+34h
2021-11-28 14:00,CN_SRI_MUM_02631022,0.365,1,+38h
2021-12-08 13:00,CN_SRI_MUM_02631022,-0.533,1,+37h
2021-11-26 09:00,CN_SRI_MUM_02631022,0.256,1,+33h
2021-11-18 09:00,CN_SRI_MUM_02631022,0.025,1,+33h
2021-11-15 08:00,CN_SRI_MUM_02631022,-0.550,1,+32h
2021-11-21 22:00,CN_SRI_MUM_02631022,0.595,1,+46h
2021-11-22 05:00,CN_SRI_MUM_02631022,-0.443,1,+29h
2021-11-28 05:00,CN_SRI_MUM_02631022,-0.163,1,+29h
2021-11-28 11:00,CN_SRI_MUM_02631022,0.254,1,+35h
2021-11-16 16:00,CN_SRI_MUM_02631022,0.652,2,+40h
2021-12-01 22:00,CN_SRI_MUM_02631022,-0.793,1,+46h
2021-11-20 20:00,CN_SRI_MUM_02631022,1.118,2,+44h
2021-11-22 03:00,CN_SRI_MUM_02631022,-1.092,1,+27h
2021-12-02 01:00,CN_SRI_MUM_02631022,-0.214,1,+25h
2021-11-21 13:00,CN_SRI_MUM_02631022,-0.922,1,+37h
2021-11-14 12:00,CN_SRI_MUM_02631022,-0.071,1,+36h
2021-11-09 11:00,CN_SRI_MUM_02631022,0.515,1,+11h
2021-12-01 20:00,CN_SRI_MUM_02631022,-0.101,1,+44h
2021-11-23 21:00,CN_SRI_MUM_02631022,1.380,2,+45h
2021-11-11 16:00,CN_SRI_MUM_02631022,-0.674,1,+40h
2021-11-17 22:00,CN_SRI_MUM_02631022,-0.711,1,+46h
2021-12-07 11:00,CN_SRI_MUM_02631022,0.388,1,+35h
2021-11-23 14:00,CN_SRI_MUM_02631022,-0.779,1,+38h
2021-11-17 12:00,CN_SRI_MUM_02631022,-0.761,1,+36h
2021-11-21 21:00,CN_SRI_MUM_02631022,0.994,2,+45h
2021-12-09 18:00,CN_SRI_MUM_02631022,-0.484,1,+42h
2021-12-02 08:00,CN_SRI_MUM_02631022,-0.365,1,+32h
2021-11-30 00:00,CN_SRI_MUM_02631022,0.217,1,+48h
2021-11-20 06:00,CN_SRI_MUM_02631022,0.329,1,+30h
2021-12-05 09:00,CN_SRI_MUM_02631022,0.393,1,+33h
2021-11-24 18:00,CN_SRI_MUM_02631022,-0.043,1,+42h
2021-11-29 03:00,CN_SRI_MUM_02631022,0.625,1,+27h
2021-11-16 01:00,CN_SRI_MUM_02631022,0.145,1,+25h
2021-11-16 12:00,CN_SRI_MUM_02631022,-0.611,1,+36h
2021-11-28 22:00,CN_SRI_MUM_02631022,0.121,1,+46h
2021-11-29 04:00,CN_SRI_MUM_02631022,0.336,1,+28h
2021-11-25 18:00,CN_SRI_MUM_02631022,-0.244,1,+42h
2021-11-09 10:00,CN_SRI_MUM_02631022,0.759,2,+10h
2021-11-24 01:00,CN_SRI_MUM_02631022,-0.029,1,+25h
2021-12-08 08:00,CN_SRI_MUM_02631022,0.441,1,+32h
2021-11-17 06:00,CN_SRI_MUM_02631022,0.874,2,+30h
2021-12-01 00:00,CN_SRI_MUM_02631022,-0.361,1,+48h
2021-11-12 23:00,CN_SRI_MUM_02631022,0.751,2,+47h
2021-11-17 14:00,CN_SRI_MUM_02631022,-0.224,1,+38h
2021-12-07 18:00,CN_SRI_MUM_02631022,0.471,1,+42h
2021-11-21 06:00,CN_SRI_MUM_02631022,0.211,1,+30h
2021-11-20 05:00,CN_SRI_MUM_02631022,-0.008,1,+29h
2021-11-11 09:00,CN_SRI_MUM_02631022,-0.070,1,+33h
2021-11-09 13:00,CN_SRI_MUM_02631022,-0.455,1,+13h
2021-11-26 03:00,CN_SRI_MUM_02631022,-0.319,1,+27h
2021-11-19 00:00,CN_SRI_MUM_02631022,-0.965,1,+48h
2021-12-10 21:00,CN_SRI_MUM_02631022,0.909,2,+45h
2021-11-29 11:00,CN_SRI_MUM_02631022,-0.099,1,+35h
2021-11-27 16:00,CN_SRI_MUM_02631022,-0.255,1,+40h
2021-11-26 22:00,CN_SRI_MUM_02631022,1.053,2,+46h
2021-11-20 16:00,CN_SRI_MUM_02631022,-0.152,1,+40h
2021-11-13 07:00,CN_SRI_MUM_02631022,-0.695,1,+31h
2021-11-23 23:00,CN_SRI_MUM_02631022,0.889,2,+47h
2021-12-10 00:00,CN_SRI_MUM_02631022,0.633,1,+48h
2021-11-22 23:00,CN_SRI_MUM_02631022,0.733,2,+47h
2021-11-26 04:00,CN_SRI_MUM_02631022,-0.570,1,+28h
2021-11-29 09:00,CN_SRI_MUM_02631022,-0.585,1,+33h
2021-11-16 23:00,CN_SRI_MUM_02631022,-1.073,1,+47h
2021-11-27 12:00,CN_SRI_MUM_02631022,0.616,1,+36h
2021-11-18 15:00,CN_SRI_MUM_02631022,0.201,1,+39h
2021-11-11 19:00,CN_SRI_MUM_02631022,-0.551,1,+43h
2021-11-25 07:00,CN_SRI_MUM_02631022,-0.175,1,+31h
2021-11-15 21:00,CN_SRI_MUM_02631022,-0.530,1,+45h
2021-12-05 17:00,CN_SRI_MUM_02631022,0.781,2,+41h
2021-11-26 17:00,CN_SRI_MUM_02631022,-0.577,1,+41h
2021-12-10 20:00,CN_SRI_MUM_02631022,0.461,1,+44h
2021-11-17 05:00,CN_SRI_MUM_02631022,0.885,2,+29h
2021-11-09 03:00,CN_SRI_MUM_02631022,-1.283,1,+03h
2021-12-08 12:00,CN_SRI_MUM_02631022,-0.035,1,+36h
2021-11-09 16:00,CN_SRI_MUM_02631022,-1.055,1,+16h
2021-11-09 07:00,CN_SRI_MUM_02631022,-0.001,1,+07h
2021-11-20 08:00,CN_SRI_MUM_02631022,0.408,1,+32h
2021-11-12 04:00,CN_SRI_MUM_02631022,-0.620,1,+28h
2021-11-13 21:00,CN_SRI_MUM_02631022,-0.366,1,+45h
2021-11-14 02:00,CN_SRI_MUM_02631022,0.970,2,+26h
2021-12-03 08:00,CN_SRI_MUM_02631022,0.438,1,+32h
2021-11-11 17:00,CN_SRI_MUM_02631022,-0.830,1,+41h
2021-11-14 20:00,CN_SRI_MUM_02631022,-0.463,1,+44h
2021-12-06 04:00,CN_SRI_MUM_02631022,-1.022,1,+28h
2021-11-11 21:00,CN_SRI_MUM_02631022,0.128,1,+45h
2021-11-26 21:00,CN_SRI_MUM_02631022,0.763,2,+45h
2021-11-29 20:00,CN_SRI_MUM_02631022,-0.672,1,+44h
2021-11-17 11:00,CN_SRI_MUM_02631022,-0.748,1,+35h
2021-11-30 08:00,CN_SRI_MUM_02631022,-0.395,1,+32h
2021-11-13 16:00,CN_SRI_MUM_02631022,0.221,1,+40h
2021-11-21 19:00,CN_SRI_MUM_02631022,1.069,2,+43h
2021-12-09 17:00,CN_SRI_MUM_02631022,-0.889,1,+41h
2021-12-06 14:00,CN_SRI_MUM_02631022,-1.401,1,+38h
2021-12-07 10:00,CN_SRI_MUM_02631022,0.940,2,+34h
2021-12-10 12:00,CN_SRI_MUM_02631022,0.330,1,+36h
2021-11-23 16:00,CN_SRI_MUM_02631022,-0.523,1,+40h
2021-11-11 00:00,CN_SRI_MUM_02631022,1.217,2,+48h
2021-11-25 09:00,CN_SRI_MUM_02631022,0.347,1,+33h
2021-11-12 15:00,CN_SRI_MUM_02631022,-0.055,1,+39h
2021-12-09 02:00,CN_SRI_MUM_02631022,-0.662,1,+26h
2021-12-03 12:00,CN_SRI_MUM_02631022,-0.766,1,+36h
2021-11-11 10:00,CN_SRI_MUM_02631022,0.237,1,+34h
2021-11-15 14:00,CN_SRI_MUM_02631022,0.427,1,+38h
2021-11-20 15:00,CN_SRI_MUM_02631022,-0.677,1,+39h
2021-12-04 06:00,CN_SRI_MUM_02631022,0.636,1,+30h
2021-11-27 18:00,CN_SRI_MUM_02631022,-0.306,1,+42h
2021-11-21 04:00,CN_SRI_MUM_02631022,-0.621,1,+28h
2021-11-10 05:00,CN_SRI_MUM_02631022,-1.188,1,+29h
2021-11-26 05:00,CN_SRI_MUM_02631022,-0.650,1,+29h
2021-11-15 10:00,CN_SRI_MUM_02631022,-0.791,1,+34h
2021-11-14 14:00,CN_SRI_MUM_02631022,0.513,1,+38h
2021-11-11 06:00,CN_SRI_MUM_02631022,-1.006,1,+30h
2021-12-05 04:00,CN_SRI_MUM_02631022,-0.189,1,+28h
2021-11-09 08:00,CN_SRI_MUM_02631022,0.481,1,+08h
2021-11-21 10:00,CN_SRI_MUM_02631022,0.060,1,+34h
2021-12-01 14:00,CN_SRI_MUM_02631022,0.526,1,+38h
2021-11-09 04:00,CN_SRI_MUM_02631022,-1.308,1,+04h
2021-11-22 22:00,CN_SRI_MUM_02631022,1.188,2,+46h
2021-11-09 14:00,CN_SRI_MUM_02631022,-0.895,1,+14h
2021-12-09 00:00,CN_SRI_MUM_02631022,0.673,2,+48h
2021-11-23 15:00,CN_SRI_MUM_02631022,-0.790,1,+39h
2021-11-12 00:00,CN_SRI_MUM_02631022,0.830,2,+48h
2021-12-03 11:00,CN_SRI_MUM_02631022,-0.777,1,+35h
2021-12-10 01:00,CN_SRI_MUM_02631022,0.151,1,+25h
2021-12-04 22:00,CN_SRI_MUM_02631022,0.055,1,+46h
2021-11-26 00:00,CN_SRI_MUM_02631022,0.877,2,+48h
2021-11-24 13:00,CN_SRI_MUM_02631022,-0.815,1,+37h
2021-11-21 05:00,CN_SRI_MUM_02631022,-0.189,1,+29h
2021-12-02 11:00,CN_SRI_MUM_02631022,-1.097,1,+35h
2021-12-07 07:00,CN_SRI_MUM_02631022,1.017,2,+31h
2021-11-19 13:00,CN_SRI_MUM_02631022,-0.765,1,+37h
2021-11-09 19:00,CN_SRI_MUM_02631022,0.453,1,+19h
2021-11-17 07:00,CN_SRI_MUM_02631022,0.647,2,+31h
2021-11-20 18:00,CN_SRI_MUM_02631022,0.911,2,+42h
2021-11-19 16:00,CN_SRI_MUM_02631022,0.398,1,+40h
2021-11-27 09:00,CN_SRI_MUM_02631022,0.292,1,+33h
2021-12-06 00:00,CN_SRI_MUM_02631022,-1.082,1,+48h
2021-11-17 13:00,CN_SRI_MUM_02631022,-0.559,1,+37h
2021-11-20 02:00,CN_SRI_MUM_02631022,-1.123,1,+26h
2021-11-11 07:00,CN_SRI_MUM_02631022,-0.799,1,+31h
2021-12-07 08:00,CN_SRI_MUM_02631022,1.325,2,+32h
2021-11-25 23:00,CN_SRI_MUM_02631022,1.109,2,+47h
2021-12-10 05:00,CN_SRI_MUM_02631022,-1.587,1,+29h
2021-11-30 19:00,CN_SRI_MUM_02631022,-0.302,1,+43h
2021-11-21 01:00,CN_SRI_MUM_02631022,-1.039,1,+25h
2021-12-09 21:00,CN_SRI_MUM_02631022,0.989,2,+45h
2021-11-14 11:00,CN_SRI_MUM_02631022,-0.413,1,+35h
2021-11-24 14:00,CN_SRI_MUM_02631022,-1.040,1,+38h
2021-12-03 07:00,CN_SRI_MUM_02631022,0.868,2,+31h
2021-11-27 21:00,CN_SRI_MUM_02631022,0.518,1,+45h
2021-12-01 19:00,CN_SRI_MUM_02631022,0.398,1,+43h
2021-12-09 01:00,CN_SRI_MUM_02631022,-0.014,1,+25h
2021-11-12 16:00,CN_SRI_MUM_02631022,-0.344,1,+40h
2021-11-18 01:00,CN_SRI_MUM_02631022,-1.046,1,+25h
2021-11-13 23:00,CN_SRI_MUM_02631022,0.253,1,+47h
2021-11-14 23:00,CN_SRI_MUM_02631022,-0.213,1,+47h
2021-12-03 05:00,CN_SRI_MUM_02631022,1.112,2,+29h
2021-12-01 15:00,CN_SRI_MUM_02631022,0.932,2,+39h
2021-11-29 10:00,CN_SRI_MUM_02631022,-0.376,1,+34h
2021-11-25 22:00,CN_SRI_MUM_02631022,1.155,2,+46h
2021-12-04 14:00,CN_SRI_MUM_02631022,-0.611,1,+38h
2021-12-01 01:00,CN_SRI_MUM_02631022,0.062,1,+25h
2021-11-22 04:00,CN_SRI_MUM_02631022,-0.850,1,+28h
2021-11-25 00:00,CN_SRI_MUM_02631022,0.622,1,+48h
2021-11-15 07:00,CN_SRI_MUM_02631022,-0.183,1,+31h
2021-12-07 12:00,CN_SRI_MUM_02631022,-0.270,1,+36h
2021-12-08 20:00,CN_SRI_MUM_02631022,1.332,2,+44h
2021-12-04 00:00,CN_SRI_MUM_02631022,-1.400,1,+48h
2021-11-27 20:00,CN_SRI_MUM_02631022,0.155,1,+44h
2021-11-25 19:00,CN_SRI_MUM_02631022,0.201,1,+43h
2021-11-18 02:00,CN_SRI_MUM_02631022,-0.674,1,+26h
2021-11-26 01:00,CN_SRI_MUM_02631022,0.479,1,+25h
2021-12-10 13:00,CN_SRI_MUM_02631022,0.154,1,+37h
2021-11-10 10:00,CN_SRI_MUM_02631022,0.478,1,+34h
2021-11-11 02:00,CN_SRI_MUM_02631022,0.229,1,+26h
2021-11-16 22:00,CN_SRI_MUM_02631022,-0.945,1,+46h
2021-11-15 11:00,CN_SRI_MUM_02631022,-0.651,1,+35h
2021-11-16 18:00,CN_SRI_MUM_02631022,0.547,1,+42h
2021-11-21 12:00,CN_SRI_MUM_02631022,-0.713,1,+36h
2021-11-18 22:00,CN_SRI_MUM_02631022,-0.211,1,+46h
2021-12-01 02:00,CN_SRI_MUM_02631022,0.376,1,+26h
2021-11-29 06:00,CN_SRI_MUM_02631022,-0.332,1,+30h
2021-11-12 02:00,CN_SRI_MUM_02631022,0.333,1,+26h
2021-12-02 22:00,CN_SRI_MUM_02631022,-0.771,1,+46h
2021-12-04 05:00,CN_SRI_MUM_02631022,0.403,1,+29h
2021-11-16 02:00,CN_SRI_MUM_02631022,0.546,1,+26h
2021-11-14 18:00,CN_SRI_MUM_02631022,0.055,1,+42h
2021-11-20 23:00,CN_SRI_MUM_02631022,-0.206,1,+47h
2021-11-28 19:00,CN_SRI_MUM_02631022,-0.520,1,+43h
2021-12-01 04:00,CN_SRI_MUM_02631022,0.404,1,+28h
2021-12-06 02:00,CN_SRI_MUM_02631022,-1.714,1,+26h
2021-12-07 14:00,CN_SRI_MUM_02631022,-1.050,1,+38h
2021-11-24 23:00,CN_SRI_MUM_02631022,1.011,2,+47h
2021-11-14 05:00,CN_SRI_MUM_02631022,0.245,1,+29h
2021-12-02 00:00,CN_SRI_MUM_02631022,-0.589,1,+48h
2021-11-16 21:00,CN_SRI_MUM_02631022,-0.631,1,+45h
2021-11-16 19:00,CN_SRI_MUM_02631022,0.225,1,+43h
2021-11-18 03:00,CN_SRI_MUM_02631022,-0.180,1,+27h
2021-12-03 22:00,CN_SRI_MUM_02631022,-0.528,1,+46h
2021-12-03 18:00,CN_SRI_MUM_02631022,1.722,2,+42h
2021-12-03 06:00,CN_SRI_MUM_02631022,1.121,2,+30h
2021-11-14 21:00,CN_SRI_MUM_02631022,-0.548,1,+45h
2021-12-07 05:00,CN_SRI_MUM_02631022,-0.072,1,+29h
2021-11-15 15:00,CN_SRI_MUM_02631022,0.711,2,+39h
2021-11-25 16:00,CN_SRI_MUM_02631022,-0.768,1,+40h
2021-12-03 21:00,CN_SRI_MUM_02631022,0.188,1,+45h
2021-12-09 04:00,CN_SRI_MUM_02631022,-1.311,1,+28h
2021-11-29 17:00,CN_SRI_MUM_02631022,-0.055,1,+41h
2021-11-26 19:00,CN_SRI_MUM_02631022,-0.040,1,+43h
2021-11-10 01:00,CN_SRI_MUM_02631022,0.259,1,+25h
2021-11-16 20:00,CN_SRI_MUM_02631022,-0.205,1,+44h
2021-11-22 11:00,CN_SRI_MUM_02631022,-0.046,1,+35h
2021-11-23 06:00,CN_SRI_MUM_02631022,-0.057,1,+30h
2021-11-29 02:00,CN_SRI_MUM_02631022,0.797,2,+26h
2021-12-06 03:00,CN_SRI_MUM_02631022,-1.502,1,+27h
2021-11-23 11:00,CN_SRI_MUM_02631022,0.145,1,+35h
2021-11-13 20:00,CN_SRI_MUM_02631022,-0.507,1,+44h
2021-12-07 01:00,CN_SRI_MUM_02631022,-0.511,1,+25h
2021-11-24 12:00,CN_SRI_MUM_02631022,-0.427,1,+36h
2021-11-18 21:00,CN_SRI_MUM_02631022,0.350,1,+45h
2021-11-17 16:00,CN_SRI_MUM_02631022,0.662,2,+40h
2021-11-20 10:00,CN_SRI_MUM_02631022,-0.343,1,+34h
2021-11-19 22:00,CN_SRI_MUM_02631022,0.017,1,+46h
2021-11-29 22:00,CN_SRI_MUM_02631022,-0.430,1,+46h
2021-12-10 11:00,CN_SRI_MUM_02631022,0.375,1,+35h
2021-11-22 16:00,CN_SRI_MUM_02631022,-0.279,1,+40h
2021-11-29 21:00,CN_SRI_MUM_02631022,-0.621,1,+45h
2021-11-27 19:00,CN_SRI_MUM_02631022,-0.132,1,+43h
2021-11-09 23:00,CN_SRI_MUM_02631022,1.386,2,+23h
2021-11-13 12:00,CN_SRI_MUM_02631022,0.332,1,+36h
2021-12-05 00:00,CN_SRI_MUM_02631022,-1.132,1,+48h
2021-11-28 08:00,CN_SRI_MUM_02631022,-0.404,1,+32h
2021-11-14 00:00,CN_SRI_MUM_02631022,0.583,1,+48h
2021-12-06 01:00,CN_SRI_MUM_02631022,-1.584,1,+25h
2021-11-30 10:00,CN_SRI_MUM_02631022,-0.427,1,+34h
2021-11-21 00:00,CN_SRI_MUM_02631022,-0.709,1,+48h
2021-11-26 12:00,CN_SRI_MUM_02631022,0.320,1,+36h
2021-12-05 20:00,CN_SRI_MUM_02631022,1.509,2,+44h
2021-11-19 09:00,CN_SRI_MUM_02631022,0.348,1,+33h
2021-11-23 17:00,CN_SRI_MUM_02631022,-0.092,1,+41h
2021-11-17 21:00,CN_SRI_MUM_02631022,-0.217,1,+45h
2021-11-24 21:00,CN_SRI_MUM_02631022,1.171,2,+45h
2021-11-29 07:00,CN_SRI_MUM_02631022,-0.566,1,+31h
2021-11-18 14:00,CN_SRI_MUM_02631022,-0.295,1,+38h
2021-11-14 04:00,CN_SRI_MUM_02631022,0.632,1,+28h
2021-11-17 08:00,CN_SRI_MUM_02631022,0.249,1,+32h
2021-11-15 00:00,CN_SRI_MUM_02631022,0.097,1,+48h
2021-11-15 19:00,CN_SRI_MUM_02631022,0.101,1,+43h
2021-11-23 09:00,CN_SRI_MUM_02631022,0.592,1,+33h
2021-11-15 04:00,CN_SRI_MUM_02631022,0.840,2,+28h
2021-12-02 04:00,CN_SRI_MUM_02631022,0.820,2,+28h
2021-11-28 09:00,CN_SRI_MUM_02631022,-0.219,1,+33h
2021-12-08 18:00,CN_SRI_MUM_02631022,0.155,1,+42h
2021-11-28 00:00,CN_SRI_MUM_02631022,1.161,2,+48h
2021-11-20 12:00,CN_SRI_MUM_02631022,-1.052,1,+36h
